,precision,recall,f1-score,support
0,0.5034426893479141,0.49879614767255215,0.5011086474501109,2492.0
1,0.5065191623864085,0.511164274322169,0.5088311172851756,2508.0
accuracy,0.505,0.505,0.505,0.505
macro avg,0.5049809258671614,0.5049802109973606,0.5049698823676432,5000.0
weighted avg,0.5049858482240229,0.505,0.5049822383193794,5000.0
