,precision,recall,f1-score,support
0,0.5102649006622516,0.6183788121990369,0.559143686502177,2492.0
1,0.5196969696969697,0.4102870813397129,0.4585561497326203,2508.0
accuracy,0.514,0.514,0.514,0.514
macro avg,0.5149809351796106,0.5143329467693749,0.5088499181173987,5000.0
weighted avg,0.5149960264900661,0.514,0.5086889780585674,5000.0
